,Accuracy,F1_macro
Random Forest,0.9413145539906104,0.9003754636130687
XGBoost,0.9436619718309859,0.8990182905973215
